{"cameraMode":{"drawMode":0,"name":"Shaded","section":"Shading Mode"},"sceneLighting":false,"audioPlay":false,"sceneViewState":{"m_AlwaysRefresh":false,"showFog":true,"showSkybox":false,"showFlares":true,"showImageEffects":true,"showParticleSystems":true,"showVisualEffectGraphs":true,"m_FxEnabled":true},"in2DMode":false,"pivot":{"x":-0.01839679479598999,"y":1.1208646297454835,"z":0.29571688175201418},"rotation":{"x":-0.1436433047056198,"y":-0.7739142179489136,"z":0.1893901377916336,"w":-0.5869929790496826},"size":1.608829140663147,"orthographic":true}